年月日,open,high,low,close,adj close,volume,MA3,MA5,MA5volume,MA20,MA10,adj close-MA5 distance,adj close-MA10 distance,adj close-MA20 distance,adj close-MA3 distance,MA20-MA10 distance,MA20-MA5 distance,MA10-MA5 distance,MA10-MA3 distance,MA20-MA3 distance,MA5-MA3 distance,Total Shares,Number of Shareholders,NoS Change,Shares per Shareholders,SpS Change,>400 Shares Held,>400 Holding Percentage,FHHP Change,>400 NoS,400-600 NoS,600-800 NoS,800-1000 NoS,>1000 NoS,>1000 Holding Percentage,OTHP Change,Closing Price,Price Change Percentage
2023-08-18,14.100000381469728,14.25,13.75,13.899999618530272,13.899999618530272,631794.0,13.933333079020182,13.95999984741211,659221.2,14.66055483818054,14.4,-0.0600002288818366,-0.5000003814697269,-0.7605552196502678,-0.0333334604899082,0.2605548381805409,0.7005549907684312,0.4400001525878902,0.4666669209798186,0.7272217591603596,0.0266667683919283,167042.0,18692.0,26.0,8.94,-0.0099999999999997,91743.0,54.92,-0.25,37.0,8.0,4.0,6.0,19.0,47.73,-0.0400000000000062,13.9,-0.0446735395189003
2023-08-21,13.899999618530272,14.050000190734863,13.850000381469728,13.949999809265137,13.949999809265137,213020.0,13.949999809265137,13.969999885559082,436964.6,14.627492094039916,14.28499994277954,-0.0200000762939449,-0.3350001335144039,-0.6774922847747806,0.0,0.3424921512603767,0.6574922084808357,0.315000057220459,0.3350001335144039,0.6774922847747806,0.0200000762939449,167042.0,18692.0,26.0,8.94,-0.0099999999999997,91743.0,54.92,-0.25,37.0,8.0,4.0,6.0,19.0,47.73,-0.0400000000000062,13.9,-0.0446735395189003
2023-08-22,14.100000381469728,14.100000381469728,13.75,13.75,13.75,279172.0,13.866666475931805,13.899999809265136,411763.0,14.591808795928957,14.154999923706054,-0.149999809265136,-0.404999923706054,-0.8418087959289551,-0.1166664759318028,0.4368088722229011,0.6918089866638191,0.2550001144409179,0.2883334477742512,0.7251423199971523,0.0333333333333332,167042.0,18692.0,26.0,8.94,-0.0099999999999997,91743.0,54.92,-0.25,37.0,8.0,4.0,6.0,19.0,47.73,-0.0400000000000062,13.9,-0.0446735395189003
2023-08-23,13.75,14.050000190734863,13.75,13.899999618530272,13.899999618530272,340000.0,13.866666475931805,13.899999809265136,367850.0,14.556246042251589,14.054999923706054,-1.907348625707073e-07,-0.1550003051757809,-0.6562464237213135,0.0333331425984706,0.5012461185455326,0.6562462329864509,0.1550001144409183,0.1883334477742515,0.6895795663197841,0.0333333333333332,167042.0,18692.0,26.0,8.94,-0.0099999999999997,91743.0,54.92,-0.25,37.0,8.0,4.0,6.0,19.0,47.73,-0.0400000000000062,13.9,-0.0446735395189003
2023-08-24,13.949999809265137,14.100000381469728,13.899999618530272,14.050000190734863,14.050000190734863,437127.0,13.899999936421713,13.90999984741211,380222.6,14.53310294151306,13.999999904632569,0.1400003433227539,0.0500002861022945,-0.4831027507781975,0.1500002543131504,0.5331030368804921,0.6231030941009514,0.0900000572204593,0.0999999682108558,0.633103005091348,0.0099999109903965,167042.0,18692.0,26.0,8.94,-0.0099999999999997,91743.0,54.92,-0.25,37.0,8.0,4.0,6.0,19.0,47.73,-0.0400000000000062,13.9,-0.0446735395189003
2023-08-25,14.199999809265137,14.199999809265137,13.949999809265137,14.0,14.0,370080.0,13.983333269755043,13.929999923706054,327879.8,14.482861757278442,13.94499988555908,0.0700000762939456,0.0550001144409186,-0.4828617572784424,0.016666730244955,0.5378618717193611,0.552861833572388,0.0149999618530269,-0.0383333841959636,0.4995284875233974,-0.0533333460489906,167042.0,18642.0,-50.0,8.96,0.0200000000000013,90694.0,54.29,-0.6300000000000026,35.0,7.0,3.0,6.0,19.0,47.76,0.0300000000000011,14.0,0.0071942446043165
2023-08-28,14.25,14.25,14.0,14.100000381469728,14.100000381469728,568400.0,14.050000190734863,13.960000038146973,398955.8,14.45237946510315,13.964999961853028,0.1400003433227539,0.1350004196166985,-0.3523790836334228,0.0500001907348632,0.4873795032501213,0.4923794269561767,0.0049999237060553,-0.0850002288818352,0.4023792743682861,-0.0900001525878906,167042.0,18642.0,-50.0,8.96,0.0200000000000013,90694.0,54.29,-0.6300000000000026,35.0,7.0,3.0,6.0,19.0,47.76,0.0300000000000011,14.0,0.0071942446043165
2023-08-29,14.199999809265137,14.199999809265137,14.0,14.100000381469728,14.100000381469728,295113.0,14.066666920979818,14.030000114440918,402144.0,14.38008041381836,13.964999961853028,0.0700002670288082,0.1350004196166985,-0.2800800323486321,0.0333334604899082,0.4150804519653306,0.3500802993774403,-0.0650001525878902,-0.1016669591267902,0.3134134928385403,-0.0366668065388999,167042.0,18642.0,-50.0,8.96,0.0200000000000013,90694.0,54.29,-0.6300000000000026,35.0,7.0,3.0,6.0,19.0,47.76,0.0300000000000011,14.0,0.0071942446043165
2023-08-30,14.050000190734863,14.300000190734863,14.050000190734863,14.199999809265137,14.199999809265137,462005.0,14.133333524068195,14.09000015258789,426545.0,14.330000019073486,13.994999980926512,0.1099996566772461,0.2049998283386234,-0.1300002098083492,0.0666662851969395,0.3350000381469726,0.2399998664855953,-0.0950001716613773,-0.1383335431416839,0.1966664950052887,-0.0433333714803065,167042.0,18642.0,-50.0,8.96,0.0200000000000013,90694.0,54.29,-0.6300000000000026,35.0,7.0,3.0,6.0,19.0,47.76,0.0300000000000011,14.0,0.0071942446043165
2023-08-31,14.100000381469728,14.5,14.100000381469728,14.149999618530272,14.149999618530272,401317.0,14.149999936421713,14.110000038146971,419383.0,14.272499990463256,14.00999994277954,0.0399995803833004,0.1399996757507331,-0.1225003719329826,-3.178914393942023e-07,0.2625000476837158,0.1624999523162831,-0.1000000953674327,-0.1399999936421725,0.1225000540415433,-0.0399998982747398,167042.0,18642.0,-50.0,8.96,0.0200000000000013,90694.0,54.29,-0.6300000000000026,35.0,7.0,3.0,6.0,19.0,47.76,0.0300000000000011,14.0,0.0071942446043165
2023-09-01,14.149999618530272,14.75,14.149999618530272,14.550000190734863,14.550000190734863,1380100.0,14.299999872843424,14.220000076293946,621387.0,14.2375,14.075,0.3300001144409172,0.475000190734864,0.3125001907348625,0.2500003178914394,0.1625000000000014,0.0174999237060546,-0.1450000762939467,-0.2249998728434246,-0.0624998728434231,-0.0799997965494778,167042.0,18697.0,55.0,8.93,-0.0300000000000011,91709.0,54.9,0.6099999999999994,37.0,9.0,3.0,6.0,19.0,47.77,0.0100000000000051,14.55,0.0392857142857143
2023-09-04,14.550000190734863,14.550000190734863,14.300000190734863,14.399999618530272,14.399999618530272,326184.0,14.366666475931805,14.279999923706054,572943.8,14.202499961853029,14.119999980926512,0.1199996948242194,0.2799996376037601,0.1974996566772464,0.0333331425984706,0.0824999809265136,-0.0774999618530269,-0.1599999427795406,-0.2466664950052894,-0.1641665140787758,-0.0866665522257488,167042.0,18697.0,55.0,8.93,-0.0300000000000011,91709.0,54.9,0.6099999999999994,37.0,9.0,3.0,6.0,19.0,47.77,0.0100000000000051,14.55,0.0392857142857143
2023-09-05,14.449999809265137,14.449999809265137,14.300000190734863,14.300000190734863,14.300000190734863,274270.0,14.416666666666666,14.31999988555908,568775.2,14.164999961853027,14.175,-0.019999694824218,0.1250001907348625,0.1350002288818359,-0.1166664759318028,-0.0100000381469733,-0.1549999237060539,-0.1449998855590806,-0.2416666666666653,-0.2516667048136387,-0.0966667811075847,167042.0,18697.0,55.0,8.93,-0.0300000000000011,91709.0,54.9,0.6099999999999994,37.0,9.0,3.0,6.0,19.0,47.77,0.0100000000000051,14.55,0.0392857142857143
2023-09-06,14.399999618530272,14.399999618530272,14.149999618530272,14.149999618530272,14.149999618530272,274323.0,14.28333314259847,14.30999984741211,531238.8,14.127499961853028,14.2,-0.1600002288818363,-0.0500003814697258,0.0224996566772457,-0.1333335240681972,-0.0725000381469715,-0.182499885559082,-0.1099998474121104,-0.0833331425984713,-0.1558331807454429,0.026666704813639,167042.0,18697.0,55.0,8.93,-0.0300000000000011,91709.0,54.9,0.6099999999999994,37.0,9.0,3.0,6.0,19.0,47.77,0.0100000000000051,14.55,0.0392857142857143
2023-09-07,14.25,14.300000190734863,14.100000381469728,14.100000381469728,14.100000381469728,252641.0,14.18333339691162,14.3,501503.6,14.102499961853027,14.205000019073486,-0.1999996185302741,-0.1049996376037594,-0.0024995803833007,-0.0833330154418945,-0.1025000572204586,-0.1975000381469733,-0.0949999809265147,0.0216666221618648,-0.0808334350585937,0.1166666030883796,167042.0,18697.0,55.0,8.93,-0.0300000000000011,91709.0,54.9,0.6099999999999994,37.0,9.0,3.0,6.0,19.0,47.77,0.0100000000000051,14.55,0.0392857142857143
2023-09-08,14.25,14.399999618530272,14.100000381469728,14.25,14.25,191108.0,14.166666666666666,14.239999961853028,263705.2,14.087499952316284,14.230000019073486,0.0100000381469733,0.0199999809265136,0.1625000476837161,0.0833333333333339,-0.1425000667572025,-0.1525000095367428,-0.0099999427795403,0.0633333524068202,-0.0791667143503822,0.0733332951863605,167042.0,18702.0,5.0,8.93,0.0,91847.0,54.98,0.0799999999999983,37.0,8.0,4.0,6.0,19.0,47.77,0.0,14.25,-0.0206185567010309
2023-09-11,14.449999809265137,15.350000381469728,14.25,14.850000381469728,14.850000381469728,6498120.0,14.40000025431315,14.330000114440915,1498092.4,14.134999990463257,14.305000019073486,0.5200002670288093,0.545000362396241,0.7150003910064697,0.4500001271565761,-0.1700000286102287,-0.1950001239776604,-0.0250000953674316,-0.0950002352396648,-0.2650002638498936,-0.0700001398722331,167042.0,18702.0,5.0,8.93,0.0,91847.0,54.98,0.0799999999999983,37.0,8.0,4.0,6.0,19.0,47.77,0.0,14.25,-0.0206185567010309
2023-09-12,14.800000190734863,14.800000190734863,14.300000190734863,14.350000381469728,14.350000381469728,1340148.0,14.483333587646484,14.34000015258789,1711268.0,14.147499990463256,14.330000019073486,0.0100002288818359,0.0200003623962405,0.2025003910064704,-0.1333332061767578,-0.1825000286102298,-0.1925001621246345,-0.0100001335144046,-0.1533335685729984,-0.3358335971832282,-0.1433334350585937,167042.0,18702.0,5.0,8.93,0.0,91847.0,54.98,0.0799999999999983,37.0,8.0,4.0,6.0,19.0,47.77,0.0,14.25,-0.0206185567010309
2023-09-13,14.449999809265137,15.600000381469728,14.449999809265137,15.350000381469728,15.350000381469728,9071004.0,14.850000381469728,14.580000305175782,3470604.2,14.22000002861023,14.445000076293946,0.770000076293945,0.9050003051757808,1.130000352859497,0.5,-0.2250000476837161,-0.3600002765655521,-0.1350002288818359,-0.4050003051757809,-0.6300003528594971,-0.2700000762939449,167042.0,18702.0,5.0,8.93,0.0,91847.0,54.98,0.0799999999999983,37.0,8.0,4.0,6.0,19.0,47.77,0.0,14.25,-0.0206185567010309
2023-09-14,15.149999618530272,15.350000381469728,14.850000381469728,15.100000381469728,15.100000381469728,2461430.0,14.93333371480306,14.78000030517578,3912362.0,14.275000047683717,14.54000015258789,0.3200000762939456,0.5600002288818366,0.8250003337860115,0.166666666666666,-0.2650001049041748,-0.5050002574920658,-0.2400001525878909,-0.3933335622151706,-0.6583336671193454,-0.1533334096272796,167042.0,18702.0,5.0,8.93,0.0,91847.0,54.98,0.0799999999999983,37.0,8.0,4.0,6.0,19.0,47.77,0.0,14.25,-0.0206185567010309
2023-09-15,15.149999618530272,15.199999809265137,14.850000381469728,14.850000381469728,14.850000381469728,1094899.0,15.100000381469728,14.900000381469727,4093120.2,14.322500085830688,14.570000171661375,-0.0500000000000007,0.2800002098083496,0.5275002956390384,-0.25,-0.2475000858306888,-0.5775002956390392,-0.3300002098083503,-0.5300002098083496,-0.7775002956390384,-0.1999999999999993,167042.0,19251.0,549.0,8.68,-0.25,91153.0,54.57,-0.4099999999999966,36.0,8.0,3.0,6.0,19.0,47.67,-0.1000000000000014,14.85,0.0421052631578947
2023-09-18,14.949999809265137,15.100000381469728,14.850000381469728,14.850000381469728,14.850000381469728,469413.0,14.93333371480306,14.900000381469727,2887378.8,14.36750011444092,14.615000247955322,-0.0500000000000007,0.2350001335144043,0.4825002670288079,-0.0833333333333339,-0.2475001335144036,-0.5325002670288086,-0.285000133514405,-0.3183334668477382,-0.5658336003621418,-0.0333333333333332,167042.0,19251.0,549.0,8.68,-0.25,91153.0,54.57,-0.4099999999999966,36.0,8.0,3.0,6.0,19.0,47.67,-0.1000000000000014,14.85,0.0421052631578947
2023-09-19,14.899999618530272,15.899999618530272,14.899999618530272,15.75,15.75,11440864.0,15.15000025431315,15.18000030517578,4907522.0,14.467500114440918,14.760000228881836,0.5699996948242188,0.989999771118164,1.2824998855590817,0.5999997456868496,-0.2925001144409176,-0.7125001907348629,-0.4200000762939453,-0.3900000254313145,-0.6825001398722321,0.0300000508626308,167042.0,19251.0,549.0,8.68,-0.25,91153.0,54.57,-0.4099999999999966,36.0,8.0,3.0,6.0,19.0,47.67,-0.1000000000000014,14.85,0.0421052631578947
2023-09-20,15.649999618530272,15.75,15.300000190734863,15.350000381469728,15.350000381469728,3698591.0,15.316666920979818,15.18000030517578,3833039.4,14.54000015258789,14.88000030517578,0.1700000762939453,0.470000076293946,0.8100002288818366,0.0333334604899082,-0.3400001525878906,-0.6400001525878913,-0.3000000000000007,-0.4366666158040377,-0.7766667683919284,-0.136666615804037,167042.0,19251.0,549.0,8.68,-0.25,91153.0,54.57,-0.4099999999999966,36.0,8.0,3.0,6.0,19.0,47.67,-0.1000000000000014,14.85,0.0421052631578947
2023-09-21,15.75,16.450000762939453,15.600000381469728,15.699999809265137,15.699999809265137,15574515.0,15.600000063578287,15.300000190734863,6455656.4,14.622500133514404,15.040000247955325,0.3999996185302734,0.6599995613098137,1.0774996757507331,0.0999997456868495,-0.4175001144409194,-0.6775000572204597,-0.2599999427795403,-0.5599998156229642,-0.9774999300638836,-0.2999998728434239,167042.0,19251.0,549.0,8.68,-0.25,91153.0,54.57,-0.4099999999999966,36.0,8.0,3.0,6.0,19.0,47.67,-0.1000000000000014,14.85,0.0421052631578947
2023-09-22,15.649999618530272,15.699999809265137,15.25,15.550000190734863,15.550000190734863,4050000.0,15.533333460489908,15.44000015258789,7046676.6,14.700000143051149,15.170000267028808,0.110000038146973,0.3799999237060554,0.8500000476837162,0.016666730244955,-0.4700001239776608,-0.7400000095367432,-0.2699998855590824,-0.3633331934611004,-0.8333333174387612,-0.0933333079020179,167042.0,19709.0,458.0,8.48,-0.1999999999999993,89130.0,53.36,-1.2100000000000009,35.0,7.0,4.0,6.0,18.0,46.25,-1.4200000000000017,15.55,0.0471380471380472
2023-09-25,15.600000381469728,15.800000190734863,15.300000190734863,15.300000190734863,15.300000190734863,1434250.0,15.516666730244957,15.530000114440918,7239644.0,14.760000133514405,15.215000247955322,-0.229999923706055,0.0849999427795413,0.5400000572204586,-0.2166665395100917,-0.4550001144409172,-0.7699999809265137,-0.3149998664855964,-0.3016664822896331,-0.7566665967305504,0.0133333841959633,167042.0,19709.0,458.0,8.48,-0.1999999999999993,89130.0,53.36,-1.2100000000000009,35.0,7.0,4.0,6.0,18.0,46.25,-1.4200000000000017,15.55,0.0471380471380472
2023-09-26,15.300000190734863,15.399999618530272,15.100000381469728,15.100000381469728,15.100000381469728,1229073.0,15.316666920979818,15.400000190734865,5197285.8,14.810000133514404,15.290000247955325,-0.2999998092651363,-0.1899998664855964,0.290000247955323,-0.2166665395100917,-0.4800001144409194,-0.5900000572204593,-0.1099999427795399,-0.0266666730244953,-0.5066667874654147,0.0833332697550446,167042.0,19709.0,458.0,8.48,-0.1999999999999993,89130.0,53.36,-1.2100000000000009,35.0,7.0,4.0,6.0,18.0,46.25,-1.4200000000000017,15.55,0.0471380471380472
2023-09-27,15.050000190734863,15.25,14.949999809265137,14.949999809265137,14.949999809265137,881000.0,15.116666793823242,15.320000076293946,4633767.6,14.847500133514403,15.250000190734864,-0.3700002670288089,-0.3000003814697258,0.1024996757507317,-0.1666669845581054,-0.4025000572204575,-0.4724999427795406,-0.0699998855590831,0.1333333969116203,-0.2691666603088372,0.2033332824707034,167042.0,19709.0,458.0,8.48,-0.1999999999999993,89130.0,53.36,-1.2100000000000009,35.0,7.0,4.0,6.0,18.0,46.25,-1.4200000000000017,15.55,0.0471380471380472
2023-09-28,15.100000381469728,15.199999809265137,14.899999618530272,15.0,15.0,1383123.0,15.016666730244957,15.18000011444092,1795489.2,14.890000152587891,15.240000152587893,-0.1800001144409186,-0.2400001525878909,0.1099998474121086,-0.016666730244955,-0.3499999999999996,-0.2899999618530273,0.0600000381469723,0.2233334223429359,-0.1266665776570636,0.1633333841959636,167042.0,19535.0,-174.0,8.55,0.0700000000000002,88967.0,53.26,-0.1000000000000014,35.0,6.0,6.0,5.0,18.0,46.25,0.0,15.0,-0.0353697749196141
2023-10-02,15.100000381469728,15.350000381469728,14.899999618530272,15.149999618530272,15.149999618530272,1583004.0,15.03333314259847,15.1,1302090.0,14.920000123977662,15.270000076293943,0.0499996185302737,-0.1200004577636715,0.2299994945526116,0.1166664759318028,-0.3499999523162831,-0.1799998760223378,0.1700000762939453,0.2366669336954743,-0.1133330186208088,0.066666857401529,167042.0,19535.0,-174.0,8.55,0.0700000000000002,88967.0,53.26,-0.1000000000000014,35.0,6.0,6.0,5.0,18.0,46.25,0.0,15.0,-0.0353697749196141
2023-10-03,15.149999618530272,15.199999809265137,14.949999809265137,14.949999809265137,14.949999809265137,1242810.0,15.03333314259847,15.029999923706054,1263802.0,14.947500133514405,15.280000019073489,-0.0800001144409172,-0.3300002098083503,0.002499675750732,-0.0833333333333339,-0.3324998855590824,-0.0824997901916493,0.250000095367433,0.2466668764750164,-0.0858330090840659,-0.0033332188924166,167042.0,19535.0,-174.0,8.55,0.0700000000000002,88967.0,53.26,-0.1000000000000014,35.0,6.0,6.0,5.0,18.0,46.25,0.0,15.0,-0.0353697749196141
2023-10-04,14.699999809265137,14.800000190734863,14.600000381469728,14.699999809265137,14.699999809265137,810000.0,14.933333079020182,14.949999809265137,1179987.4,14.967500114440918,15.175,-0.25,-0.475000190734864,-0.2675003051757816,-0.2333332697550449,-0.2074998855590824,0.0175003051757816,0.225000190734864,0.241666920979819,0.0341670354207366,0.016666730244955,167042.0,19535.0,-174.0,8.55,0.0700000000000002,88967.0,53.26,-0.1000000000000014,35.0,6.0,6.0,5.0,18.0,46.25,0.0,15.0,-0.0353697749196141
2023-10-05,14.949999809265137,14.949999809265137,14.800000190734863,14.800000190734863,14.800000190734863,425638.0,14.81666660308838,14.919999885559085,1088915.0,15.000000143051148,15.119999980926512,-0.1199996948242194,-0.31999979019165,-0.1999999523162845,-0.0166664123535156,-0.1199998378753655,0.080000257492065,0.2000000953674305,0.3033333778381344,0.1833335399627689,0.1033332824707038,167042.0,19535.0,-174.0,8.55,0.0700000000000002,88967.0,53.26,-0.1000000000000014,35.0,6.0,6.0,5.0,18.0,46.25,0.0,15.0,-0.0353697749196141
2023-10-06,15.0,15.0,14.699999809265137,14.75,14.75,681191.0,14.75,14.869999885559082,948528.6,15.03250012397766,15.025,-0.119999885559082,-0.2750000000000003,-0.2825001239776608,0.0,0.0075001239776604,0.1625002384185787,0.1550001144409183,0.2750000000000003,0.2825001239776608,0.119999885559082,167042.0,19468.0,-67.0,8.58,0.0299999999999993,89194.0,53.4,0.1400000000000005,35.0,6.0,5.0,5.0,19.0,46.86,0.6099999999999994,14.75,-0.0166666666666666
2023-10-11,14.949999809265137,15.0,14.5,14.550000190734863,14.550000190734863,756648.0,14.700000127156576,14.75,783257.4,15.047500133514404,14.925,-0.1999998092651367,-0.3749998092651374,-0.497499942779541,-0.1499999364217128,0.1225001335144035,0.2975001335144043,0.1750000000000007,0.2249998728434246,0.3475000063578282,0.0499998728434238,167042.0,19468.0,-67.0,8.58,0.0299999999999993,89194.0,53.4,0.1400000000000005,35.0,6.0,5.0,5.0,19.0,46.86,0.6099999999999994,14.75,-0.0166666666666666
2023-10-12,14.649999618530272,14.850000381469728,14.5,14.600000381469728,14.600000381469728,502000.0,14.633333524068195,14.68000011444092,635095.4,15.035000133514403,14.855000019073486,-0.0799997329711921,-0.2549996376037597,-0.4349997520446784,-0.0333331425984706,0.1800001144409186,0.3550000190734863,0.1749999046325676,0.2216664950052891,0.4016666094462078,0.0466665903727214,167042.0,19468.0,-67.0,8.58,0.0299999999999993,89194.0,53.4,0.1400000000000005,35.0,6.0,5.0,5.0,19.0,46.86,0.6099999999999994,14.75,-0.0166666666666666
2023-10-13,14.550000190734863,14.649999618530272,14.399999618530272,14.399999618530272,14.399999618530272,698664.0,14.516666730244957,14.620000076293945,612828.2,15.037500095367433,14.78499994277954,-0.2200004577636711,-0.3850003242492672,-0.6375004768371575,-0.1166671117146815,0.2525001525878902,0.4175000190734863,0.164999866485596,0.2683332125345856,0.5208333651224759,0.1033333460489895,167042.0,19434.0,-34.0,8.6,0.0199999999999995,88943.0,53.25,-0.1499999999999985,35.0,6.0,6.0,5.0,18.0,46.25,-0.6099999999999994,14.4,-0.023728813559322
2023-10-16,14.350000381469728,14.5,14.25,14.300000190734863,14.300000190734863,545341.0,14.43333339691162,14.520000076293943,636768.8,14.985000085830688,14.719999980926511,-0.2199998855590816,-0.4199997901916497,-0.6849998950958245,-0.1333332061767578,0.2650001049041748,0.4650000095367428,0.199999904632568,0.2866665840148918,0.5516666889190667,0.0866666793823238,167042.0,19434.0,-34.0,8.6,0.0199999999999995,88943.0,53.25,-0.1499999999999985,35.0,6.0,6.0,5.0,18.0,46.25,-0.6099999999999994,14.4,-0.023728813559322
2023-10-17,14.449999809265137,14.449999809265137,14.149999618530272,14.199999809265137,14.199999809265137,570004.0,14.299999872843424,14.410000038146972,614531.4,14.94000005722046,14.639999961853029,-0.2100002288818352,-0.4400001525878902,-0.7400002479553223,-0.1000000635782871,0.300000095367432,0.530000019073487,0.229999923706055,0.3400000890096031,0.6400001843770351,0.110000165303548,167042.0,19434.0,-34.0,8.6,0.0199999999999995,88943.0,53.25,-0.1499999999999985,35.0,6.0,6.0,5.0,18.0,46.25,-0.6099999999999994,14.4,-0.023728813559322
2023-10-18,14.25,14.300000190734863,14.0,14.0,14.0,547000.0,14.166666666666666,14.3,572601.8,14.897500038146973,14.525,-0.3000000000000007,-0.5250000000000004,-0.8975000381469727,-0.166666666666666,0.3725000381469723,0.597500038146972,0.2249999999999996,0.3583333333333343,0.7308333714803066,0.1333333333333346,167042.0,19434.0,-34.0,8.6,0.0199999999999995,88943.0,53.25,-0.1499999999999985,35.0,6.0,6.0,5.0,18.0,46.25,-0.6099999999999994,14.4,-0.023728813559322
2023-10-19,13.899999618530272,14.300000190734863,13.899999618530272,14.100000381469728,14.100000381469728,594530.0,14.100000063578287,14.2,591107.8,14.860000038146971,14.44000005722046,-0.0999996185302727,-0.3399996757507324,-0.7599996566772464,3.178914393942023e-07,0.419999980926514,0.6600000381469737,0.2400000572204597,0.3399999936421718,0.7599999745686858,0.0999999364217121,167042.0,19434.0,-34.0,8.6,0.0199999999999995,88943.0,53.25,-0.1499999999999985,35.0,6.0,6.0,5.0,18.0,46.25,-0.6099999999999994,14.4,-0.023728813559322
2023-10-20,14.149999618530272,14.149999618530272,13.800000190734863,14.0,14.0,763036.0,14.033333460489908,14.120000076293945,603982.2,14.772500038146973,14.370000076293945,-0.1200000762939446,-0.3700000762939446,-0.7725000381469727,-0.0333334604899082,0.402499961853028,0.652499961853028,0.25,0.3366666158040363,0.7391665776570644,0.0866666158040363,167042.0,19391.0,-43.0,8.61,0.0099999999999997,88927.0,53.24,-0.009999999999998,35.0,6.0,6.0,5.0,18.0,46.24,-0.009999999999998,14.0,-0.0277777777777778
2023-10-23,14.0,14.600000381469728,14.0,14.149999618530272,14.149999618530272,1159010.0,14.083333333333334,14.089999961853028,726716.0,14.7125,14.305000019073486,0.0599996566772453,-0.1550004005432121,-0.5625003814697269,0.0666662851969395,0.4074999809265147,0.6225000381469723,0.2150000572204575,0.2216666857401517,0.6291666666666664,0.0066666285196941,167042.0,19391.0,-43.0,8.61,0.0099999999999997,88927.0,53.24,-0.009999999999998,35.0,6.0,6.0,5.0,18.0,46.24,-0.009999999999998,14.0,-0.0277777777777778
2023-10-24,14.149999618530272,14.399999618530272,14.149999618530272,14.399999618530272,14.399999618530272,613210.0,14.183333079020182,14.129999923706055,735357.2,14.647499990463256,14.269999980926514,0.269999694824218,0.1299996376037597,-0.2475003719329827,0.2166665395100917,0.3775000095367424,0.5175000667572007,0.1400000572204582,0.0866669019063319,0.4641669114430744,-0.0533331553141263,167042.0,19391.0,-43.0,8.61,0.0099999999999997,88927.0,53.24,-0.009999999999998,35.0,6.0,6.0,5.0,18.0,46.24,-0.009999999999998,14.0,-0.0277777777777778
2023-10-25,14.449999809265137,14.5,14.300000190734863,14.300000190734863,14.300000190734863,316918.0,14.28333314259847,14.189999961853028,689340.8,14.584999990463256,14.244999980926512,0.1100002288818355,0.0550002098083499,-0.2849997997283928,0.0166670481363926,0.3400000095367428,0.3950000286102284,0.0550000190734856,-0.0383331616719573,0.3016668478647855,-0.0933331807454429,167042.0,19391.0,-43.0,8.61,0.0099999999999997,88927.0,53.24,-0.009999999999998,35.0,6.0,6.0,5.0,18.0,46.24,-0.009999999999998,14.0,-0.0277777777777778
2023-10-26,14.25,14.399999618530272,14.149999618530272,14.149999618530272,14.149999618530272,516336.0,14.28333314259847,14.199999809265137,673702.0,14.527499961853028,14.199999904632568,-0.0500001907348632,-0.0500002861022945,-0.3775003433227546,-0.1333335240681972,0.32750005722046,0.3275001525878913,9.536743128535365e-08,-0.0833332379659026,0.2441668192545574,-0.0833333333333339,167042.0,19391.0,-43.0,8.61,0.0099999999999997,88927.0,53.24,-0.009999999999998,35.0,6.0,6.0,5.0,18.0,46.24,-0.009999999999998,14.0,-0.0277777777777778
2023-10-27,14.199999809265137,14.300000190734863,14.100000381469728,14.100000381469728,14.100000381469728,321094.0,14.18333339691162,14.219999885559082,585313.6,14.477499961853027,14.169999980926514,-0.1199995040893551,-0.0699995994567874,-0.3774995803833008,-0.0833330154418945,0.3074999809265133,0.2575000762939456,-0.0499999046325676,-0.013333415985107,0.2941665649414062,0.0366664886474605,167042.0,19355.0,-36.0,8.63,0.0200000000000013,88725.0,53.12,-0.1200000000000045,35.0,6.0,7.0,4.0,18.0,46.24,0.0,14.1,0.0071428571428571
2023-10-30,14.100000381469728,14.199999809265137,14.050000190734863,14.100000381469728,14.100000381469728,206880.0,14.116666793823242,14.210000038146973,394887.6,14.434999990463258,14.15,-0.1099996566772461,-0.0499996185302737,-0.334999608993531,-0.0166664123535156,0.2849999904632572,0.2249999523162849,-0.0600000381469723,0.0333332061767581,0.3183331966400153,0.0933332443237304,167042.0,19355.0,-36.0,8.63,0.0200000000000013,88725.0,53.12,-0.1200000000000045,35.0,6.0,7.0,4.0,18.0,46.24,0.0,14.1,0.0071428571428571
2023-10-31,14.149999618530272,14.199999809265137,13.800000190734863,13.899999618530272,13.899999618530272,662000.0,14.033333460489908,14.110000038146971,404645.6,14.37999997138977,14.119999980926512,-0.2100004196166995,-0.2200003623962398,-0.4800003528594967,-0.1333338419596348,0.2599999904632568,0.2699999332427971,0.0099999427795403,0.086666520436605,0.3466665108998619,0.0766665776570647,167042.0,19355.0,-36.0,8.63,0.0200000000000013,88725.0,53.12,-0.1200000000000045,35.0,6.0,7.0,4.0,18.0,46.24,0.0,14.1,0.0071428571428571
2023-11-01,13.949999809265137,14.0,13.800000190734863,13.949999809265137,13.949999809265137,242100.0,13.983333269755043,14.039999961853027,389682.0,14.319999980926514,14.114999961853028,-0.0900001525878906,-0.1650001525878899,-0.3700001716613776,-0.0333334604899082,0.2050000190734877,0.280000019073487,0.0749999999999992,0.1316666920979816,0.3366667111714694,0.0566666920979823,167042.0,19355.0,-36.0,8.63,0.0200000000000013,88725.0,53.12,-0.1200000000000045,35.0,6.0,7.0,4.0,18.0,46.24,0.0,14.1,0.0071428571428571
2023-11-02,14.100000381469728,14.25,14.050000190734863,14.050000190734863,14.050000190734863,374000.0,13.966666539510092,14.020000076293943,361214.8,14.275,14.109999942779542,0.0300001144409183,-0.0599997520446784,-0.224999809265137,0.0833336512247715,0.1650000572204586,0.2549999237060554,0.0899998664855967,0.14333340326945,0.3083334604899086,0.0533335367838532,167042.0,19355.0,-36.0,8.63,0.0200000000000013,88725.0,53.12,-0.1200000000000045,35.0,6.0,7.0,4.0,18.0,46.24,0.0,14.1,0.0071428571428571
2023-11-03,14.199999809265137,14.300000190734863,14.100000381469728,14.199999809265137,14.199999809265137,338587.0,14.06666660308838,14.039999961853027,364713.4,14.25,14.129999923706055,0.1599998474121093,0.0699998855590813,-0.0500001907348632,0.1333332061767578,0.1200000762939446,0.2100000381469726,0.089999961853028,0.0633333206176764,0.1833333969116211,-0.0266666412353515,167042.0,19312.0,-43.0,8.65,0.0199999999999995,89184.0,53.39,0.2700000000000031,36.0,7.0,6.0,5.0,18.0,46.24,0.0,14.2,0.0070921985815602
2023-11-06,14.350000381469728,15.550000190734863,14.199999809265137,15.25,15.25,9039113.0,14.5,14.269999885559082,2131160.0,14.272499990463256,14.239999961853028,0.9800001144409176,1.0100000381469734,0.977500009536744,0.75,0.0325000286102294,0.0025001049041737,-0.0299999237060557,-0.2600000381469733,-0.2275000095367438,-0.2300001144409176,167042.0,19312.0,-43.0,8.65,0.0199999999999995,89184.0,53.39,0.2700000000000031,36.0,7.0,6.0,5.0,18.0,46.24,0.0,14.2,0.0070921985815602
2023-11-07,15.0,15.050000190734863,14.800000190734863,15.050000190734863,15.050000190734863,2081364.0,14.833333333333334,14.5,2415032.8,14.2875,14.305000019073486,0.5500001907348633,0.7450001716613777,0.7625001907348636,0.2166668574015293,-0.0175000190734859,-0.2125000000000003,-0.1949999809265143,-0.5283333142598483,-0.5458333333333343,-0.3333333333333339,167042.0,19312.0,-43.0,8.65,0.0199999999999995,89184.0,53.39,0.2700000000000031,36.0,7.0,6.0,5.0,18.0,46.24,0.0,14.2,0.0070921985815602
2023-11-08,15.0,15.100000381469728,14.899999618530272,14.949999809265137,14.949999809265137,956400.0,15.083333333333334,14.7,2557892.8,14.307499980926512,14.369999980926512,0.2499998092651374,0.5799998283386234,0.6424998283386234,-0.1333335240681972,-0.0625,-0.392500019073486,-0.330000019073486,-0.7133333524068206,-0.7758333524068206,-0.3833333333333346,167042.0,19312.0,-43.0,8.65,0.0199999999999995,89184.0,53.39,0.2700000000000031,36.0,7.0,6.0,5.0,18.0,46.24,0.0,14.2,0.0070921985815602
2023-11-09,15.0,15.300000190734863,14.899999618530272,14.899999618530272,14.899999618530272,869760.0,14.966666539510092,14.869999885559082,2657044.8,14.32249994277954,14.444999980926514,0.0299997329711914,0.454999637603759,0.5774996757507331,-0.0666669209798183,-0.122500038146974,-0.5474999427795417,-0.4249999046325676,-0.5216665585835774,-0.6441665967305514,-0.0966666539510097,167042.0,19312.0,-43.0,8.65,0.0199999999999995,89184.0,53.39,0.2700000000000031,36.0,7.0,6.0,5.0,18.0,46.24,0.0,14.2,0.0070921985815602
2023-11-10,14.899999618530272,15.050000190734863,14.75,14.800000190734863,14.800000190734863,531036.0,14.883333206176758,14.989999961853028,2695534.6,14.34249997138977,14.514999961853029,-0.1899997711181633,0.2850002288818363,0.4575002193450928,-0.0833330154418945,-0.1724999904632564,-0.6474999904632561,-0.4749999999999996,-0.3683332443237308,-0.5408332347869873,0.1066667556762688,167042.0,19620.0,308.0,8.51,-0.1400000000000005,89037.0,53.3,-0.0900000000000034,36.0,8.0,5.0,5.0,18.0,46.24,0.0,14.8,0.0422535211267606
2023-11-13,14.899999618530272,15.350000381469728,14.649999618530272,14.800000190734863,14.800000190734863,973000.0,14.833333333333334,14.9,1082312.0,14.36749997138977,14.58499994277954,-0.099999809265137,0.2150002479553219,0.4325002193450924,-0.0333331425984706,-0.2174999713897705,-0.5325000286102295,-0.315000057220459,-0.2483333905537925,-0.465833361943563,0.0666666666666664,167042.0,19620.0,308.0,8.51,-0.1400000000000005,89037.0,53.3,-0.0900000000000034,36.0,8.0,5.0,5.0,18.0,46.24,0.0,14.8,0.0422535211267606
2023-11-14,14.850000381469728,15.149999618530272,14.800000190734863,14.800000190734863,14.800000190734863,919015.0,14.800000190734863,14.85,849842.2,14.397499990463256,14.675,-0.0499998092651363,0.1250001907348625,0.4025002002716071,0.0,-0.2775000095367446,-0.4525000095367435,-0.1749999999999989,-0.1250001907348625,-0.4025002002716071,0.0499998092651363,167042.0,19620.0,308.0,8.51,-0.1400000000000005,89037.0,53.3,-0.0900000000000034,36.0,8.0,5.0,5.0,18.0,46.24,0.0,14.8,0.0422535211267606
2023-11-15,14.850000381469728,15.100000381469728,14.850000381469728,14.949999809265137,14.949999809265137,655100.0,14.850000063578287,14.85,789582.2,14.444999980926514,14.775,0.099999809265137,0.1749998092651363,0.5049998283386223,0.0999997456868495,-0.330000019073486,-0.4050000190734852,-0.0749999999999992,-0.0750000635782868,-0.4050000826517728,-6.35782875235691e-08,167042.0,19620.0,308.0,8.51,-0.1400000000000005,89037.0,53.3,-0.0900000000000034,36.0,8.0,5.0,5.0,18.0,46.24,0.0,14.8,0.0422535211267606
2023-11-16,15.0,15.100000381469728,14.800000190734863,14.949999809265137,14.949999809265137,698277.0,14.899999936421713,14.860000038146971,755285.6,14.487499952316284,14.864999961853028,0.0899997711181637,0.08499984741211,0.4624998569488525,0.0499998728434238,-0.3775000095367424,-0.3725000858306888,0.0049999237060536,-0.0349999745686862,-0.4124999841054286,-0.0399998982747398,167042.0,19620.0,308.0,8.51,-0.1400000000000005,89037.0,53.3,-0.0900000000000034,36.0,8.0,5.0,5.0,18.0,46.24,0.0,14.8,0.0422535211267606
2023-11-17,15.0,15.050000190734863,14.899999618530272,15.0,15.0,331736.0,14.966666539510092,14.9,715425.6,14.537499952316283,14.944999980926514,0.0999999999999996,0.0550000190734856,0.4625000476837151,0.0333334604899082,-0.4075000286102295,-0.3625000476837154,0.044999980926514,-0.0216665585835773,-0.4291665871938068,-0.0666665395100913,167042.0,19436.0,-184.0,8.59,0.08,89456.0,53.55,0.25,37.0,9.0,5.0,5.0,18.0,46.24,0.0,15.0,0.0135135135135134
2023-11-20,15.100000381469728,15.399999618530272,15.0,15.0,15.0,1054030.0,14.983333269755043,14.939999961853028,731631.6,14.579999971389771,14.919999980926514,0.0600000381469723,0.0800000190734859,0.4200000286102288,0.016666730244955,-0.3400000095367428,-0.3599999904632565,-0.0199999809265136,-0.0633332888285309,-0.4033332983652737,-0.0433333079020172,167042.0,19436.0,-184.0,8.59,0.08,89456.0,53.55,0.25,37.0,9.0,5.0,5.0,18.0,46.24,0.0,15.0,0.0135135135135134
2023-11-21,15.050000190734863,15.100000381469728,14.949999809265137,15.0,15.0,471251.0,15.0,14.979999923706057,642078.8,14.609999990463256,14.914999961853027,0.0200000762939449,0.0850000381469726,0.3900000095367435,0.0,-0.3049999713897708,-0.3699999332427985,-0.0649999618530277,-0.0850000381469726,-0.3900000095367435,-0.0200000762939449,167042.0,19436.0,-184.0,8.59,0.08,89456.0,53.55,0.25,37.0,9.0,5.0,5.0,18.0,46.24,0.0,15.0,0.0135135135135134
2023-11-22,15.050000190734863,15.25,14.949999809265137,15.050000190734863,15.050000190734863,901042.0,15.016666730244957,15.0,691267.2,14.647499990463256,14.925,0.0500001907348632,0.1250001907348625,0.4025002002716071,0.0333334604899082,-0.2775000095367446,-0.3525000095367439,-0.0749999999999992,-0.0916667302449543,-0.3691667397816989,-0.016666730244955,167042.0,19436.0,-184.0,8.59,0.08,89456.0,53.55,0.25,37.0,9.0,5.0,5.0,18.0,46.24,0.0,15.0,0.0135135135135134
2023-11-23,15.199999809265137,15.199999809265137,15.0,15.0,15.0,489371.0,15.016666730244957,15.010000038146972,649486.0,14.690000009536742,14.935000038146972,-0.0100000381469733,0.0649999618530277,0.3099999904632575,-0.016666730244955,-0.2450000286102298,-0.3200000286102309,-0.075000000000001,-0.0816666920979827,-0.3266667207082125,-0.0066666920979816,167042.0,19436.0,-184.0,8.59,0.08,89456.0,53.55,0.25,37.0,9.0,5.0,5.0,18.0,46.24,0.0,15.0,0.0135135135135134
2023-11-24,15.050000190734863,15.899999618530272,14.949999809265137,15.649999618530272,15.649999618530272,9553157.0,15.233333269755043,15.139999961853029,2493770.2,14.767499971389771,15.019999980926514,0.5099996566772464,0.6299996376037598,0.8824996471405022,0.4166663487752284,-0.2525000095367424,-0.3724999904632557,-0.1199999809265133,-0.2133332888285313,-0.4658332983652737,-0.0933333079020179,167042.0,19247.0,-189.0,8.68,0.0899999999999998,90486.0,54.17,0.6200000000000045,40.0,13.0,4.0,5.0,18.0,46.05,-0.1900000000000048,15.65,0.0433333333333333
2023-11-27,15.5,15.5,15.100000381469728,15.149999618530272,15.149999618530272,1678877.0,15.266666412353516,15.169999885559085,2618739.6,14.819999933242798,15.054999923706054,-0.0200002670288093,0.0949996948242191,0.3299996852874756,-0.1166667938232421,-0.2349999904632564,-0.3499999523162849,-0.1149999618530284,-0.2116664886474613,-0.4466664791107178,-0.0966665267944328,167042.0,19247.0,-189.0,8.68,0.0899999999999998,90486.0,54.17,0.6200000000000045,40.0,13.0,4.0,5.0,18.0,46.05,-0.1900000000000048,15.65,0.0433333333333333
2023-11-28,15.149999618530272,15.25,15.100000381469728,15.199999809265137,15.199999809265137,603015.0,15.333333015441896,15.20999984741211,2645092.4,14.88499994277954,15.094999885559082,-0.0100000381469733,0.104999923706055,0.3149998664855964,-0.1333332061767578,-0.2099999427795413,-0.3249999046325698,-0.1149999618530284,-0.2383331298828128,-0.4483330726623542,-0.1233331680297844,167042.0,19247.0,-189.0,8.68,0.0899999999999998,90486.0,54.17,0.6200000000000045,40.0,13.0,4.0,5.0,18.0,46.05,-0.1900000000000048,15.65,0.0433333333333333
2023-11-29,15.199999809265137,15.300000190734863,15.199999809265137,15.25,15.25,606110.0,15.199999809265137,15.249999809265136,2586106.0,14.949999952316285,15.124999904632569,1.907348625707073e-07,0.1250000953674312,0.3000000476837154,0.0500001907348632,-0.1749999523162841,-0.2999998569488529,-0.1249999046325687,-0.074999904632568,-0.2499998569488521,0.0500000000000007,167042.0,19247.0,-189.0,8.68,0.0899999999999998,90486.0,54.17,0.6200000000000045,40.0,13.0,4.0,5.0,18.0,46.05,-0.1900000000000048,15.65,0.0433333333333333
2023-11-30,15.300000190734863,15.300000190734863,15.100000381469728,15.199999809265137,15.199999809265137,904166.0,15.216666539510092,15.289999771118165,2669065.0,15.007499933242798,15.149999904632567,-0.089999961853028,0.0499999046325676,0.1924998760223388,-0.016666730244955,-0.1424999713897712,-0.2824998378753669,-0.1399998664855957,-0.0666666348775226,-0.2091666062672939,0.073333231608073,167042.0,19247.0,-189.0,8.68,0.0899999999999998,90486.0,54.17,0.6200000000000045,40.0,13.0,4.0,5.0,18.0,46.05,-0.1900000000000048,15.65,0.0433333333333333
2023-12-01,15.199999809265137,15.399999618530272,15.149999618530272,15.399999618530272,15.399999618530272,636800.0,15.28333314259847,15.239999771118164,885793.6,15.067499923706055,15.189999866485596,0.1599998474121093,0.209999752044677,0.332499694824218,0.1166664759318028,-0.122499942779541,-0.1724998474121086,-0.0499999046325676,-0.0933332761128742,-0.2158332188924152,-0.0433333714803065,167042.0,19694.0,447.0,8.48,-0.1999999999999993,89900.0,53.82,-0.3500000000000014,39.0,12.0,4.0,5.0,18.0,46.05,0.0,15.4,-0.0159744408945686
2023-12-04,15.399999618530272,16.25,15.350000381469728,15.800000190734863,15.800000190734863,8594093.0,15.466666539510092,15.369999885559082,2268836.8,15.094999933242798,15.269999885559082,0.4300003051757812,0.5300003051757809,0.7050002574920651,0.3333336512247715,-0.1749999523162841,-0.2749999523162838,-0.0999999999999996,-0.1966666539510093,-0.3716666062672935,-0.0966666539510097,167042.0,19694.0,447.0,8.48,-0.1999999999999993,89900.0,53.82,-0.3500000000000014,39.0,12.0,4.0,5.0,18.0,46.05,0.0,15.4,-0.0159744408945686
2023-12-05,15.699999809265137,15.850000381469728,15.550000190734863,15.699999809265137,15.699999809265137,1383581.0,15.633333206176758,15.469999885559082,2424950.0,15.127499914169311,15.339999866485597,0.229999923706055,0.3599999427795417,0.5724998950958256,0.0666666030883789,-0.2124999523162838,-0.3424999713897705,-0.1300000190734866,-0.2933333396911628,-0.5058332920074466,-0.1633333206176761,167042.0,19694.0,447.0,8.48,-0.1999999999999993,89900.0,53.82,-0.3500000000000014,39.0,12.0,4.0,5.0,18.0,46.05,0.0,15.4,-0.0159744408945686
2023-12-06,15.699999809265137,15.899999618530272,15.699999809265137,15.75,15.75,1063307.0,15.75,15.56999988555908,2516389.4,15.167499923706057,15.40999984741211,0.1800001144409186,0.3400001525878906,0.582500076293945,0.0,-0.2424999237060543,-0.4024999618530263,-0.1600000381469719,-0.3400001525878906,-0.582500076293945,-0.1800001144409186,167042.0,19694.0,447.0,8.48,-0.1999999999999993,89900.0,53.82,-0.3500000000000014,39.0,12.0,4.0,5.0,18.0,46.05,0.0,15.4,-0.0159744408945686
2023-12-07,15.800000190734863,16.049999237060547,15.600000381469728,15.600000381469728,15.600000381469728,1207884.0,15.68333339691162,15.65,2577133.0,15.202499961853029,15.469999885559082,-0.0499996185302737,0.1300004959106449,0.3975004196166996,-0.0833330154418945,-0.2674999237060547,-0.4475000381469733,-0.1800001144409186,-0.2133335113525394,-0.4808334350585941,-0.0333333969116207,167042.0,19694.0,447.0,8.48,-0.1999999999999993,89900.0,53.82,-0.3500000000000014,39.0,12.0,4.0,5.0,18.0,46.05,0.0,15.4,-0.0159744408945686
2023-12-08,15.699999809265137,15.75,15.5,15.550000190734863,15.550000190734863,524224.0,15.633333524068195,15.68000011444092,2554617.8,15.239999961853028,15.45999994277954,-0.1299999237060554,0.0900002479553219,0.3100002288818366,-0.0833333333333339,-0.2199999809265147,-0.440000152587892,-0.2200001716613773,-0.1733335812886558,-0.3933335622151706,0.0466665903727214,167042.0,19601.0,-93.0,8.52,0.0399999999999991,90520.0,54.19,0.3699999999999974,40.0,12.0,6.0,4.0,18.0,46.05,0.0,15.55,0.0097402597402597
2023-12-11,15.600000381469728,15.75,15.550000190734863,15.600000381469728,15.600000381469728,385678.0,15.583333651224772,15.640000152587891,912934.8,15.27999997138977,15.505000019073488,-0.0399997711181647,0.0950003623962398,0.320000410079956,0.016666730244955,-0.2250000476837161,-0.3600001811981208,-0.1350001335144046,-0.0783336321512848,-0.303333679835001,0.0566665013631197,167042.0,19601.0,-93.0,8.52,0.0399999999999991,90520.0,54.19,0.3699999999999974,40.0,12.0,6.0,4.0,18.0,46.05,0.0,15.55,0.0097402597402597
2023-12-12,15.699999809265137,15.800000190734863,15.550000190734863,15.649999618530272,15.649999618530272,652406.0,15.600000063578287,15.630000114440918,766699.8,15.32249994277954,15.55,0.0199995040893554,0.0999996185302727,0.3274996757507331,0.0499995549519862,-0.2275000572204604,-0.3075001716613776,-0.0800001144409172,-0.0500000635782864,-0.2775001207987468,0.0300000508626308,167042.0,19601.0,-93.0,8.52,0.0399999999999991,90520.0,54.19,0.3699999999999974,40.0,12.0,6.0,4.0,18.0,46.05,0.0,15.55,0.0097402597402597
2023-12-13,15.649999618530272,16.149999618530273,15.550000190734863,16.149999618530273,16.149999618530273,2868680.0,15.799999872843424,15.710000038146973,1127774.4,15.382499933242798,15.639999961853029,0.4399995803833008,0.5099996566772464,0.7674996852874756,0.3499997456868495,-0.2575000286102291,-0.3275001049041748,-0.0700000762939456,-0.1599999109903969,-0.417499939600626,-0.0899998346964512,167042.0,19601.0,-93.0,8.52,0.0399999999999991,90520.0,54.19,0.3699999999999974,40.0,12.0,6.0,4.0,18.0,46.05,0.0,15.55,0.0097402597402597
2023-12-14,16.200000762939453,16.399999618530273,15.899999618530272,16.0,16.0,3076183.0,15.933333079020182,15.789999961853027,1501434.2,15.43499994277954,15.719999980926511,0.2100000381469726,0.280000019073487,0.565000057220459,0.0666669209798183,-0.2850000381469719,-0.3550000190734863,-0.0699999809265143,-0.2133330980936687,-0.4983331362406407,-0.1433331171671543,167042.0,19601.0,-93.0,8.52,0.0399999999999991,90520.0,54.19,0.3699999999999974,40.0,12.0,6.0,4.0,18.0,46.05,0.0,15.55,0.0097402597402597
2023-12-15,16.100000381469727,16.75,16.100000381469727,16.450000762939453,16.450000762939453,5583042.0,16.200000127156574,15.970000076293946,2513197.8,15.507499980926514,15.825000095367432,0.4800006866455071,0.6250006675720208,0.9425007820129389,0.2500006357828788,-0.3175001144409179,-0.4625000953674316,-0.1449999809265136,-0.375000031789142,-0.69250014623006,-0.2300000508626283,167042.0,19109.0,-492.0,8.74,0.2200000000000006,91864.0,54.99,0.8000000000000043,42.0,13.0,7.0,4.0,18.0,46.05,0.0,16.45,0.057877813504823
2023-12-18,16.350000381469727,16.5,16.149999618530273,16.149999618530273,16.149999618530273,1306148.0,16.200000127156574,16.079999923706055,2697291.8,15.564999961853028,15.860000038146971,0.0699996948242187,0.2899995803833004,0.5849996566772457,-0.0500005086263009,-0.2950000762939453,-0.514999961853027,-0.2199998855590816,-0.3400000890096013,-0.6350001653035466,-0.1200002034505196,167042.0,19109.0,-492.0,8.74,0.2200000000000006,91864.0,54.99,0.8000000000000043,42.0,13.0,7.0,4.0,18.0,46.05,0.0,16.45,0.057877813504823
2023-12-19,16.149999618530273,16.149999618530273,15.75,15.949999809265137,15.949999809265137,1151450.0,16.18333339691162,16.13999996185303,2797100.6,15.612499952316284,15.885000038146972,-0.190000152587892,0.0649997711181633,0.3374998569488525,-0.2333335876464843,-0.2725000858306892,-0.5275000095367446,-0.2549999237060554,-0.2983333587646477,-0.5708334445953369,-0.0433334350585923,167042.0,19109.0,-492.0,8.74,0.2200000000000006,91864.0,54.99,0.8000000000000043,42.0,13.0,7.0,4.0,18.0,46.05,0.0,16.45,0.057877813504823
2023-12-20,16.049999237060547,16.299999237060547,16.0,16.149999618530273,16.149999618530273,1060400.0,16.083333015441895,16.13999996185303,2435444.6,15.667499923706057,15.925,0.0099996566772446,0.2249996185302727,0.4824996948242184,0.0666666030883789,-0.2575000762939456,-0.4725000381469737,-0.214999961853028,-0.1583330154418938,-0.4158330917358395,0.0566669464111342,167042.0,19109.0,-492.0,8.74,0.2200000000000006,91864.0,54.99,0.8000000000000043,42.0,13.0,7.0,4.0,18.0,46.05,0.0,16.45,0.057877813504823
2023-12-21,16.149999618530273,16.25,16.0,16.0,16.0,723319.0,16.03333314259847,16.13999996185303,1964871.8,15.717499923706054,15.964999961853028,-0.1399999618530287,0.0350000381469719,0.282500076293946,-0.0333331425984688,-0.247500038146974,-0.4225000381469748,-0.1750000000000007,-0.0683331807454408,-0.3158332188924149,0.1066668192545599,167042.0,19109.0,-492.0,8.74,0.2200000000000006,91864.0,54.99,0.8000000000000043,42.0,13.0,7.0,4.0,18.0,46.05,0.0,16.45,0.057877813504823
2023-12-22,16.200000762939453,16.200000762939453,15.75,15.800000190734863,15.800000190734863,1138533.0,15.983333269755043,16.00999984741211,1075970.0,15.724999952316283,15.989999961853028,-0.2099996566772475,-0.1899997711181633,0.0750002384185783,-0.1833330790201817,-0.2650000095367417,-0.2849998950958259,-0.0199998855590841,0.0066666920979816,-0.2583333174387601,0.0266665776570658,167042.0,18394.0,-715.0,9.08,0.3399999999999998,96384.0,57.7,2.710000000000001,46.0,14.0,4.0,7.0,21.0,48.23,2.18,15.8,-0.03951367781155
2023-12-25,15.899999618530272,15.899999618530272,15.699999809265137,15.699999809265137,15.699999809265137,557331.0,15.833333333333334,15.919999885559085,926206.6,15.752499961853028,15.999999904632569,-0.220000076293946,-0.300000095367432,-0.0525001525878909,-0.1333335240681972,-0.247499942779541,-0.167499923706055,0.0800000190734859,0.1666665712992348,-0.0808333714803062,0.0866665522257488,167042.0,18394.0,-715.0,9.08,0.3399999999999998,96384.0,57.7,2.710000000000001,46.0,14.0,4.0,7.0,21.0,48.23,2.18,15.8,-0.03951367781155
2023-12-26,15.899999618530272,15.899999618530272,15.75,15.800000190734863,15.800000190734863,436396.0,15.766666730244957,15.889999961853029,783195.8,15.782499980926511,16.01499996185303,-0.0899997711181637,-0.2149997711181654,0.0175002098083503,0.0333334604899082,-0.2324999809265158,-0.107499980926514,0.1250000000000017,0.2483332316080737,0.0158332506815579,0.1233332316080719,167042.0,18394.0,-715.0,9.08,0.3399999999999998,96384.0,57.7,2.710000000000001,46.0,14.0,4.0,7.0,21.0,48.23,2.18,15.8,-0.03951367781155
2023-12-27,15.850000381469728,16.149999618530273,15.800000190734863,15.850000381469728,15.850000381469728,874000.0,15.783333460489908,15.830000114440915,745915.8,15.8125,15.985000038146971,0.0200002670288093,-0.1349996566772464,0.0375003814697265,0.0666669209798183,-0.172500038146973,-0.0175001144409172,0.1549999237060557,0.2016665776570647,0.0291665395100917,0.0466666539510089,167042.0,18394.0,-715.0,9.08,0.3399999999999998,96384.0,57.7,2.710000000000001,46.0,14.0,4.0,7.0,21.0,48.23,2.18,15.8,-0.03951367781155
2023-12-28,15.949999809265137,15.949999809265137,15.600000381469728,15.75,15.75,1031035.0,15.800000190734863,15.780000114440918,807459.0,15.840000009536745,15.960000038146973,-0.0300001144409183,-0.2100000381469726,-0.0900000095367428,-0.0500001907348632,-0.1200000286102298,0.0599998950958244,0.1799999237060543,0.1599998474121093,0.0399998188018795,-0.0200000762939449,167042.0,18394.0,-715.0,9.08,0.3399999999999998,96384.0,57.7,2.710000000000001,46.0,14.0,4.0,7.0,21.0,48.23,2.18,15.8,-0.03951367781155
2023-12-29,15.899999618530272,15.899999618530272,15.699999809265137,15.75,15.75,381453.0,15.783333460489908,15.770000076293943,656043.0,15.857500028610229,15.889999961853029,-0.0200000762939449,-0.139999961853027,-0.1075000286102287,-0.0333334604899082,-0.0324999332427982,0.0874999523162838,0.119999885559082,0.1066665013631187,0.0741665681203205,-0.0133333841959633,167042.0,18383.0,-11.0,9.09,0.0099999999999997,96274.0,57.63,-0.0700000000000002,45.0,12.0,6.0,5.0,22.0,48.8,0.5700000000000003,15.75,-0.0031645569620253
2024-01-02,15.75,15.800000190734863,15.550000190734863,15.550000190734863,15.550000190734863,505003.0,15.68333339691162,15.740000152587893,645577.4,15.84500002861023,15.830000019073486,-0.1899999618530277,-0.2799998283386227,-0.2949998378753662,-0.1333332061767578,0.0150000095367435,0.1049998760223385,0.0899998664855949,0.1466666221618648,0.1616666316986084,0.0566667556762698,167042.0,18383.0,-11.0,9.09,0.0099999999999997,96274.0,57.63,-0.0700000000000002,45.0,12.0,6.0,5.0,22.0,48.8,0.5700000000000003,15.75,-0.0031645569620253
2024-01-03,15.550000190734863,15.550000190734863,15.300000190734863,15.399999618530272,15.399999618530272,774007.0,15.56666660308838,15.660000038146972,713099.6,15.830000019073486,15.775,-0.2600004196166985,-0.3750003814697269,-0.4300004005432125,-0.1666669845581054,0.0550000190734856,0.169999980926514,0.1149999618530284,0.2083333969116214,0.263333415985107,0.093333435058593,167042.0,18383.0,-11.0,9.09,0.0099999999999997,96274.0,57.63,-0.0700000000000002,45.0,12.0,6.0,5.0,22.0,48.8,0.5700000000000003,15.75,-0.0031645569620253
2024-01-04,15.399999618530272,15.449999809265137,15.25,15.300000190734863,15.300000190734863,732555.0,15.416666666666666,15.55,684810.6,15.80750002861023,15.69000005722046,-0.2499998092651374,-0.3899998664855957,-0.5074998378753666,-0.1166664759318028,0.1174999713897708,0.2575000286102291,0.1400000572204582,0.2733333905537929,0.3908333619435638,0.1333333333333346,167042.0,18383.0,-11.0,9.09,0.0099999999999997,96274.0,57.63,-0.0700000000000002,45.0,12.0,6.0,5.0,22.0,48.8,0.5700000000000003,15.75,-0.0031645569620253
2024-01-05,15.399999618530272,15.449999809265137,15.300000190734863,15.350000381469728,15.350000381469728,208218.0,15.350000063578287,15.470000076293946,520247.2,15.795000028610229,15.625000095367431,-0.1199996948242194,-0.2749997138977047,-0.4449996471405022,3.178914393942023e-07,0.1699999332427975,0.3249999523162827,0.1550000190734852,0.2750000317891441,0.4449999650319416,0.1200000127156588,167042.0,18537.0,154.0,9.01,-0.08,95395.0,57.11,-0.5200000000000031,44.0,10.0,7.0,7.0,20.0,47.48,-1.3200000000000005,15.35,-0.0253968253968254
2024-01-08,15.399999618530272,15.699999809265137,15.399999618530272,15.550000190734863,15.550000190734863,809189.0,15.40000025431315,15.43000011444092,605794.4,15.795000028610229,15.600000095367433,0.1200000762939446,-0.0499999046325676,-0.2449998378753655,0.1499999364217128,0.1949999332427978,0.3649999141693101,0.1699999809265122,0.1999998410542804,0.3949997742970783,0.0299998601277682,167042.0,18537.0,154.0,9.01,-0.08,95395.0,57.11,-0.5200000000000031,44.0,10.0,7.0,7.0,20.0,47.48,-1.3200000000000005,15.35,-0.0253968253968254
2024-01-09,15.649999618530272,15.649999618530272,15.199999809265137,15.25,15.25,795065.0,15.383333524068195,15.370000076293945,663806.8,15.777500009536745,15.55500011444092,-0.1200000762939446,-0.3050001144409187,-0.5275000095367428,-0.1333335240681972,0.2224998950958241,0.4074999332427982,0.185000038146974,0.1716665903727214,0.3941664854685456,-0.0133334477742526,167042.0,18537.0,154.0,9.01,-0.08,95395.0,57.11,-0.5200000000000031,44.0,10.0,7.0,7.0,20.0,47.48,-1.3200000000000005,15.35,-0.0253968253968254
2024-01-10,15.300000190734863,15.399999618530272,15.149999618530272,15.199999809265137,15.199999809265137,399050.0,15.333333333333334,15.330000114440915,588815.4,15.755000019073488,15.495000076293945,-0.1300003051757805,-0.2950002670288079,-0.55500020980835,-0.1333335240681972,0.2599999427795421,0.4249999046325694,0.1649999618530273,0.1616667429606106,0.4216666857401527,-0.0033332188924166,167042.0,18537.0,154.0,9.01,-0.08,95395.0,57.11,-0.5200000000000031,44.0,10.0,7.0,7.0,20.0,47.48,-1.3200000000000005,15.35,-0.0253968253968254
2024-01-11,15.300000190734863,15.449999809265137,15.100000381469728,15.399999618530272,15.399999618530272,415000.0,15.28333314259847,15.35,525304.4,15.717500019073489,15.45,0.0499996185302737,-0.0500003814697258,-0.3175004005432136,0.1166664759318028,0.2675000190734877,0.3675000190734874,0.0999999999999996,0.1666668574015286,0.4341668764750164,0.066666857401529,167042.0,18537.0,154.0,9.01,-0.08,95395.0,57.11,-0.5200000000000031,44.0,10.0,7.0,7.0,20.0,47.48,-1.3200000000000005,15.35,-0.0253968253968254
2024-01-12,15.350000381469728,15.449999809265137,15.100000381469728,15.199999809265137,15.199999809265137,367338.0,15.266666412353516,15.31999988555908,557128.4,15.677500009536743,15.394999980926514,-0.1200000762939446,-0.1950001716613769,-0.4775002002716064,-0.0666666030883789,0.2825000286102295,0.3575001239776618,0.0750000953674323,0.128333568572998,0.4108335971832275,0.0533334732055656,167042.0,18526.0,-11.0,9.02,0.0099999999999997,96061.0,57.51,0.3999999999999986,45.0,10.0,8.0,7.0,20.0,47.6,0.1200000000000045,15.2,-0.009771986970684
2024-01-15,15.25,15.399999618530272,15.199999809265137,15.300000190734863,15.300000190734863,182000.0,15.299999872843424,15.269999885559082,431690.6,15.619999980926512,15.35,0.0300003051757808,-0.0499998092651363,-0.31999979019165,3.178914393942023e-07,0.2699999809265136,0.3500000953674309,0.0800001144409172,0.0500001271565757,0.3200001080830894,-0.0299999872843415,167042.0,18526.0,-11.0,9.02,0.0099999999999997,96061.0,57.51,0.3999999999999986,45.0,10.0,8.0,7.0,20.0,47.6,0.1200000000000045,15.2,-0.009771986970684
2024-01-16,15.199999809265137,15.25,15.0,15.050000190734863,15.050000190734863,709100.0,15.18333339691162,15.229999923706057,414497.6,15.565000009536742,15.3,-0.1799997329711917,-0.2499998092651374,-0.5149998188018792,-0.1333332061767578,0.2650000095367417,0.3350000858306874,0.0700000762939456,0.1166666030883796,0.3816666126251213,0.0466665267944339,167042.0,18526.0,-11.0,9.02,0.0099999999999997,96061.0,57.51,0.3999999999999986,45.0,10.0,8.0,7.0,20.0,47.6,0.1200000000000045,15.2,-0.009771986970684
2024-01-17,15.050000190734863,16.0,15.050000190734863,15.5,15.5,2889880.0,15.283333460489908,15.289999961853027,912663.6,15.542500019073486,15.310000038146972,0.2100000381469726,0.1899999618530277,-0.0425000190734863,0.2166665395100917,0.232499980926514,0.252500057220459,0.0200000762939449,0.026666577657064,0.259166558583578,0.006666501363119,167042.0,18526.0,-11.0,9.02,0.0099999999999997,96061.0,57.51,0.3999999999999986,45.0,10.0,8.0,7.0,20.0,47.6,0.1200000000000045,15.2,-0.009771986970684
2024-01-18,15.550000190734863,15.699999809265137,15.399999618530272,15.5,15.5,599400.0,15.350000063578287,15.310000038146972,949543.6,15.510000038146972,15.330000019073486,0.1899999618530277,0.169999980926514,-0.0100000381469733,0.1499999364217128,0.1800000190734874,0.200000000000001,0.0199999809265136,-0.0200000445048011,0.1599999745686862,-0.0400000254313148,167042.0,18526.0,-11.0,9.02,0.0099999999999997,96061.0,57.51,0.3999999999999986,45.0,10.0,8.0,7.0,20.0,47.6,0.1200000000000045,15.2,-0.009771986970684
2024-01-19,15.5,16.5,15.5,16.350000381469727,16.350000381469727,3573841.0,15.783333460489908,15.54000015258789,1590844.2,15.52750005722046,15.430000019073486,0.8100002288818366,0.920000362396241,0.8225003242492672,0.5666669209798183,0.0975000381469737,-0.0125000953674305,-0.1100001335144043,-0.3533334414164226,-0.2558334032694489,-0.2433333079020183,167042.0,18507.0,-19.0,9.03,0.0099999999999997,97131.0,58.15,0.6400000000000006,46.0,11.0,6.0,9.0,20.0,47.54,-0.0600000000000022,16.35,0.0756578947368422
2024-01-22,16.0,16.399999618530273,15.850000381469728,16.200000762939453,16.200000762939453,2982722.0,16.016667048136394,15.720000267028809,2150988.6,15.547500085830688,15.495000076293945,0.4800004959106445,0.7050006866455085,0.6525006771087654,0.1833337148030587,0.0525000095367431,-0.1725001811981208,-0.225000190734864,-0.5216669718424498,-0.4691669623057066,-0.2966667811075858,167042.0,18507.0,-19.0,9.03,0.0099999999999997,97131.0,58.15,0.6400000000000006,46.0,11.0,6.0,9.0,20.0,47.54,-0.0600000000000022,16.35,0.0756578947368422
2024-01-23,16.200000762939453,16.700000762939453,16.200000762939453,16.299999237060547,16.299999237060547,1683644.0,16.28333346048991,15.970000076293946,2345897.4,15.577500057220458,15.6,0.3299991607666008,0.6999992370605472,0.7224991798400886,0.0166657765706368,-0.0224999427795413,-0.3925000190734877,-0.3700000762939464,-0.6833334604899104,-0.7058334032694518,-0.313333384195964,167042.0,18507.0,-19.0,9.03,0.0099999999999997,97131.0,58.15,0.6400000000000006,46.0,11.0,6.0,9.0,20.0,47.54,-0.0600000000000022,16.35,0.0756578947368422
2024-01-24,16.350000381469727,17.899999618530273,16.350000381469727,17.5,17.5,11311597.0,16.666666666666668,16.370000076293945,4030240.8,15.662500047683716,15.830000019073486,1.1299999237060554,1.669999980926514,1.837499952316284,0.8333333333333321,-0.1674999713897698,-0.7075000286102284,-0.5400000572204586,-0.8366666475931819,-1.0041666189829517,-0.2966665903727232,167042.0,18507.0,-19.0,9.03,0.0099999999999997,97131.0,58.15,0.6400000000000006,46.0,11.0,6.0,9.0,20.0,47.54,-0.0600000000000022,16.35,0.0756578947368422
2024-01-25,17.549999237060547,18.399999618530277,17.049999237060547,17.299999237060547,17.299999237060547,6491078.0,17.03333282470703,16.729999923706053,5208576.4,15.734999990463256,16.019999980926514,0.5699993133544936,1.2799992561340332,1.5649992465972904,0.2666664123535156,-0.2849999904632572,-0.9949999332427968,-0.7099999427795396,-1.0133328437805176,-1.2983328342437748,-0.303332901000978,167042.0,18507.0,-19.0,9.03,0.0099999999999997,97131.0,58.15,0.6400000000000006,46.0,11.0,6.0,9.0,20.0,47.54,-0.0600000000000022,16.35,0.0756578947368422
2024-01-26,17.299999237060547,17.549999237060547,16.799999237060547,17.100000381469727,17.100000381469727,2108461.0,17.299999872843426,16.879999923706055,4915500.4,15.802500009536743,16.210000038146973,0.2200004577636711,0.8900003433227539,1.2975003719329834,-0.1999994913736991,-0.4075000286102295,-1.0774999141693122,-0.6699998855590827,-1.089999834696453,-1.4974998633066825,-0.4199999491373702,167042.0,17404.0,-1103.0,9.6,0.5700000000000003,104410.0,62.51,4.359999999999999,51.0,14.0,7.0,5.0,25.0,52.49,4.950000000000003,17.1,0.0458715596330275
2024-01-29,17.5,18.299999237060547,17.350000381469727,17.799999237060547,17.799999237060547,5316056.0,17.399999618530273,17.199999618530274,5382167.2,15.90499997138977,16.45999994277954,0.5999996185302727,1.3399992942810073,1.8949992656707764,0.3999996185302734,-0.5549999713897691,-1.2949996471405036,-0.7399996757507346,-0.9399996757507338,-1.494999647140503,-0.1999999999999993,167042.0,17404.0,-1103.0,9.6,0.5700000000000003,104410.0,62.51,4.359999999999999,51.0,14.0,7.0,5.0,25.0,52.49,4.950000000000003,17.1,0.0458715596330275
2024-01-30,17.799999237060547,18.0,17.549999237060547,17.649999618530273,17.649999618530273,1567232.0,17.516666412353516,17.469999694824217,5358884.8,16.00999994277954,16.719999885559083,0.1799999237060561,0.92999973297119,1.6399996757507331,0.1333332061767578,-0.7099999427795431,-1.459999752044677,-0.7499998092651339,-0.7966665267944322,-1.506666469573975,-0.0466667175292982,167042.0,17404.0,-1103.0,9.6,0.5700000000000003,104410.0,62.51,4.359999999999999,51.0,14.0,7.0,5.0,25.0,52.49,4.950000000000003,17.1,0.0458715596330275
2024-01-31,17.399999618530273,17.450000762939453,17.049999237060547,17.25,17.25,1696276.0,17.56666628519694,17.41999969482422,3435820.6,16.102499961853027,16.89499988555908,-0.1699996948242201,0.3550001144409194,1.1475000381469729,-0.3166662851969413,-0.7924999237060533,-1.3174997329711928,-0.5249998092651396,-0.6716663996378607,-1.464166323343914,-0.1466665903727211,167042.0,17404.0,-1103.0,9.6,0.5700000000000003,104410.0,62.51,4.359999999999999,51.0,14.0,7.0,5.0,25.0,52.49,4.950000000000003,17.1,0.0458715596330275
2024-02-01,17.25,17.899999618530273,17.25,17.649999618530273,17.649999618530273,1662720.0,17.516666412353516,17.489999771118164,2470149.0,16.219999933242796,17.10999984741211,0.1599998474121093,0.5399997711181648,1.429999685287477,0.1333332061767578,-0.8899999141693122,-1.2699998378753676,-0.3799999237060554,-0.4066665649414069,-1.2966664791107192,-0.0266666412353515,167042.0,17404.0,-1103.0,9.6,0.5700000000000003,104410.0,62.51,4.359999999999999,51.0,14.0,7.0,5.0,25.0,52.49,4.950000000000003,17.1,0.0458715596330275
2024-02-02,17.899999618530273,18.0,17.450000762939453,17.549999237060547,17.549999237060547,1886069.0,17.483332951863606,17.57999954223633,2425670.6,16.329999876022338,17.22999973297119,-0.0300003051757826,0.3199995040893562,1.2199993610382087,0.0666662851969412,-0.8999998569488525,-1.2499996662139914,-0.3499998092651388,-0.2533332188924149,-1.1533330758412674,0.0966665903727239,167042.0,17010.0,-394.0,9.82,0.2200000000000006,104726.0,62.69,0.1799999999999997,50.0,13.0,6.0,7.0,24.0,52.38,-0.1099999999999994,17.55,0.0263157894736841
2024-02-05,17.649999618530273,17.850000381469727,17.299999237060547,17.5,17.5,1898798.0,17.56666628519694,17.519999694824218,1742219.0,16.427499866485597,17.359999656677246,-0.019999694824218,0.1400003433227539,1.0725001335144029,-0.0666662851969412,-0.932499790191649,-1.092499828338621,-0.1600000381469719,-0.2066666285196952,-1.1391664187113442,-0.0466665903727232,167042.0,16878.0,-132.0,9.9,0.08,105617.0,63.23,0.5399999999999991,50.0,11.0,6.0,8.0,25.0,52.98,0.5999999999999943,17.5,-0.0028490028490028
2024-02-15,17.600000381469727,18.299999237060547,17.600000381469727,18.0,18.0,3248103.0,17.683333079020183,17.589999771118165,2078393.2,16.564999866485596,17.52999973297119,0.4100002288818345,0.4700002670288086,1.4350001335144036,0.3166669209798165,-0.964999866485595,-1.024999904632569,-0.060000038146974,-0.153333346048992,-1.118333212534587,-0.0933333079020179,167042.0,16878.0,-132.0,9.9,0.08,105617.0,63.23,0.5399999999999991,50.0,11.0,6.0,8.0,25.0,52.98,0.5999999999999943,17.5,-0.0028490028490028
2024-02-16,18.600000381469727,19.799999237060547,18.5,19.5,19.5,9413502.0,18.33333333333333,18.039999771118165,3621838.4,16.779999876022337,17.72999973297119,1.4600002288818352,1.7700002670288093,2.7200001239776626,1.166666666666668,-0.9499998569488532,-1.259999895095827,-0.3100000381469741,-0.6033336003621415,-1.5533334573109947,-0.2933335622151674,167042.0,16767.0,-111.0,9.96,0.0600000000000005,105829.0,63.35,0.1200000000000045,51.0,12.0,7.0,7.0,25.0,53.02,0.0400000000000062,19.5,0.1142857142857142
